{
  "version": "1.0",
  "defaultProvider": "cdnjs",
  "libraries": [
    {
      "library": "jquery@3.4.1",
      "destination": "wwwroot/lib/jquery/"
    },
    {
      "library": "twitter-bootstrap@4.4.1",
      "destination": "wwwroot/lib/twitter-bootstrap/"
    },
    {
      "library": "jquery-validate@1.19.2",
      "destination": "wwwroot/jquery-validate/"
    },
    {
      "library": "jquery-validation-unobtrusive@3.2.11",
      "destination": "wwwroot/jquery-validation-unobtrusive/"
    },
    {
      "library": "jquery-ajax-unobtrusive@3.2.6",
      "destination": "wwwroot/jquery-ajax-unobtrusive/"
    }
  ]
}